{
  "3": {
    "network_stats": {
      "num_nodes": 46,
      "num_edges": 66,
      "avg_degree": 2.869565217391304,
      "clustering_coefficient": 0.3224637681159422,
      "is_connected": true,
      "diameter": 12,
      "avg_path_length": 5.326570048309179,
      "route_calculations": 0,
      "cache_size": 0,
      "degree_distribution": {
        "min": 2,
        "max": 4,
        "std": 0.44763609308639135,
        "variance": 0.20037807183364845
      }
    },
    "equity_metrics": {
      "gini_trip_time_mean": 0.43445692883895126,
      "gini_trip_time_std": 0.0,
      "gini_trip_cost_mean": 0.33611137350791576,
      "gini_trip_cost_std": 0.0,
      "gini_subsidies_mean": 0.0,
      "gini_subsidies_std": 0.0,
      "gini_trip_frequency_mean": 0.0888888888888888,
      "gini_trip_frequency_std": 0.0,
      "income_time_ratio_mean": 0.25,
      "income_time_ratio_std": 0.0,
      "income_cost_ratio_mean": 4.74923076923077,
      "income_cost_ratio_std": 0.0,
      "disability_time_penalty_mean": 1.0,
      "disability_time_penalty_std": 0.0,
      "spatial_autocorr_time_mean": -0.4657512285446236,
      "spatial_autocorr_time_std": 0.0,
      "spatial_autocorr_cost_mean": -0.16682391118421375,
      "spatial_autocorr_cost_std": 0.0,
      "gini_betweenness_mean": 0.4874952493765241,
      "gini_betweenness_std": 0.0,
      "gini_closeness_mean": 0.09314073871106876,
      "gini_closeness_std": 0.0,
      "gini_degree_centrality_mean": 0.06455862977602012,
      "gini_degree_centrality_std": 0.0,
      "spatial_access_variance_mean": 0.0010014215278786119,
      "spatial_access_variance_std": 0.0,
      "network_coverage_mean": 0.00575,
      "network_coverage_std": 0.0
    },
    "performance_metrics": {
      "avg_path_length_mean": 5.326570048309179,
      "avg_path_length_std": 0.0,
      "avg_path_length_min": 5.326570048309179,
      "avg_path_length_max": 5.326570048309179,
      "clustering_coefficient_mean": 0.3224637681159422,
      "clustering_coefficient_std": 0.0,
      "clustering_coefficient_min": 0.3224637681159422,
      "clustering_coefficient_max": 0.3224637681159422,
      "network_efficiency_mean": 0.1877380736441139,
      "network_efficiency_std": 0.0,
      "network_efficiency_min": 0.1877380736441139,
      "network_efficiency_max": 0.1877380736441139,
      "avg_trip_time_mean": 4.944444444444445,
      "avg_trip_time_std": 0.0,
      "avg_trip_time_min": 4.944444444444445,
      "avg_trip_time_max": 4.944444444444445,
      "avg_trip_cost_mean": 3.7766383331793514,
      "avg_trip_cost_std": 0.0,
      "avg_trip_cost_min": 3.7766383331793514,
      "avg_trip_cost_max": 3.7766383331793514,
      "trip_time_std_mean": 4.245913067618999,
      "trip_time_std_std": 0.0,
      "trip_time_std_min": 4.245913067618999,
      "trip_time_std_max": 4.245913067618999,
      "trip_cost_std_mean": 2.4647340687922386,
      "trip_cost_std_std": 0.0,
      "trip_cost_std_min": 2.4647340687922386,
      "trip_cost_std_max": 2.4647340687922386,
      "avg_subsidy_mean": 0.0,
      "avg_subsidy_std": 0.0,
      "avg_subsidy_min": 0.0,
      "avg_subsidy_max": 0.0,
      "route_calculation_count_mean": 23370.0,
      "route_calculation_count_std": 0.0,
      "route_calculation_count_min": 