bike_speed,final_mode_choice_equity_mean,final_mode_choice_equity_std,final_mode_choice_equity_n,final_travel_time_equity_mean,final_travel_time_equity_std,final_travel_time_equity_n,final_system_efficiency_mean,final_system_efficiency_std,final_system_efficiency_n
1.0,1.1023784991193426,0.12188807224642682,5,4.717212199367578,0.4593097531237389,5,2983.8,104.34826304256339,5
1.5,1.1023565520966503,0.20363076323648574,5,4.616587509174172,0.5235495936637825,5,2968.6,51.79034659084644,5
2.0,1.139241182878169,0.05218699912709687,5,4.841704865291958,0.48039956130622063,5,2989.6,74.10425089021547,5
2.5,1.1221544436739124,0.11432508939513372,5,4.8597121021196035,0.4100110803396651,5,2985.2,99.92677318917089,5
3.0,1.1376502259795158,0.09770487208987368,5,5.2300379798627805,0.7856781785351629,5,2919.0,61.083549340227435,5
3.5,1.1647661402674594,0.06835459594245358,5,4.602321911931081,0.5234443630094319,5,3062.2,83.61196086685206,5
4.0,1.1155460822676546,0.059384831536677334,5,4.984405240418913,0.4720492591452892,5,2951.2,124.99823998760941,5
4.5,1.0585741604560046,0.19411188980337402,5,4.678343167110745,0.594418464969893,5,2904.8,104.39233688350883,5
