topology,final_mode_choice_equity_mean,final_mode_choice_equity_std,final_mode_choice_equity_sem,final_mode_choice_equity_ci_lower,final_mode_choice_equity_ci_upper,final_mode_choice_equity_count,final_travel_time_equity_mean,final_travel_time_equity_std,final_travel_time_equity_sem,final_travel_time_equity_ci_lower,final_travel_time_equity_ci_upper,final_travel_time_equity_count,final_system_efficiency_mean,final_system_efficiency_std,final_system_efficiency_sem,final_system_efficiency_ci_lower,final_system_efficiency_ci_upper,final_system_efficiency_count
degree_constrained,1.310230061717742,0.11232939667266396,0.006329044501932614,1.2977773647768855,1.3226827586585985,315,8.745092215381371,1.3598346453931265,0.07661800241874962,8.594342641090472,8.89584178967227,315,2546.879365079365,129.15895770825765,7.277282842895632,2532.5609639735108,2561.1977661852193,315
small_world,1.3245171492306216,0.11184003296881996,0.006683720353661771,1.3113602248174658,1.3376740736437773,280,8.589835207292419,1.466395003617777,0.08763386304544894,8.417327673895972,8.762342740688865,280,2547.964285714286,135.50687589660748,8.098084741657521,2532.0231805812823,2563.9053908472893,280
scale_free,1.2971873373714777,0.1184360286518479,0.007077906491031828,1.2832544563144672,1.3111202184284882,280,9.014325206513425,1.580320242588143,0.0944421982925809,8.828415443896413,9.200234969130436,280,2515.1714285714284,167.42690879923265,10.005671568463159,2495.475232805696,2534.8676243371606,280
